Title,URL handle,Description,Vendor,Product category,Type,Tags,Published on online store,Status,SKU,Option1 name,Option1 value,Price,Compare-at price,Cost per item,Charge tax,Inventory tracker,Continue selling when out of stock,Weight value (grams),Weight unit for display,Requires shipping,Fulfillment service,Gift card,SEO title,SEO description,Google Shopping / Condition
Antifaz 3D Oscuridad Total,antifaz-3d-oscuridad-total,"<p><strong>Oscuridad total sin presión en los ojos.</strong> Su forma 3D deja un hueco para cada ojo, así puedes parpadear con normalidad y no se arruina el rímel ni las extensiones.</p>
<ul>
<li>Bloquea la luz de farolas, persianas que no cierran y del amanecer de verano.</li>
<li>Espuma con memoria ligera (60 g): ni la notas.</li>
<li>Cinta ajustable que no tira del pelo.</li>
<li>Perfecto para la siesta, el avión o el turno de noche.</li>
</ul>
<p><em>Incluye bolsita de viaje.</em></p>",Siesta & Co.,Health & Beauty > Personal Care > Sleeping Aids > Sleep Masks,Antifaces,"antifaz, luz, viaje, bestseller",TRUE,Draft,SC-A3OT-NEGR,Color,Negro,19.90,,3.20,TRUE,,CONTINUE,60,g,TRUE,manual,FALSE,Antifaz para dormir 3D que bloquea el 100% de la luz | Siesta & Co.,"Antifaz contorneado que no presiona los ojos ni despeina las pestañas. Oscuridad total para dormir, hacer la siesta o viajar. Envío gratis desde 35 €.",New
,antifaz-3d-oscuridad-total,,,,,,,,SC-A3OT-GRIS,,Gris piedra,19.90,,3.20,TRUE,,CONTINUE,60,g,TRUE,manual,,,,
,antifaz-3d-oscuridad-total,,,,,,,,SC-A3OT-ROSA,,Rosa palo,19.90,,3.20,TRUE,,CONTINUE,60,g,TRUE,manual,,,,
Funda de Almohada Efecto Frío,funda-almohada-efecto-frio,"<p><strong>Para las noches en las que no baja de 25 °C.</strong> Tejido de fibra refrescante que se siente frío al tacto y evacua el calor, en lugar de acumularlo como el algodón.</p>
<ul>
<li>Cara fría + cara de algodón para invierno: úsala todo el año.</li>
<li>Cremallera oculta, se adapta a almohadas estándar españolas.</li>
<li>Lavable a máquina a 30 °C.</li>
</ul>",Siesta & Co.,Home & Garden > Linens & Bedding > Bedding > Pillowcases & Shams,Ropa de cama,"calor, verano, almohada, bestseller",TRUE,Draft,SC-FAEF-75CM,Medida,75 cm,24.90,,6.10,TRUE,,CONTINUE,180,g,TRUE,manual,FALSE,Funda de almohada refrescante para noches de calor | Siesta & Co.,Tejido de enfriamiento que se nota fresco al tacto y disipa el calor de la cara. Para las noches tropicales de verano. Lavable a máquina.,New
,funda-almohada-efecto-frio,,,,,,,,SC-FAEF-90CM,,90 cm,27.90,,6.10,TRUE,,CONTINUE,180,g,TRUE,manual,,,,
Máquina de Ruido Blanco Calma,maquina-ruido-blanco,"<p><strong>El vecino de arriba, las motos, el camión de la basura… tapados.</strong> Un sonido constante y suave enmascara los ruidos que te despiertan.</p>
<ul>
<li>30 sonidos sin cortes: ruido blanco, rosa, marrón, lluvia, ventilador, olas.</li>
<li>Temporizador de 30/60/90 min o toda la noche.</li>
<li>Luz nocturna cálida regulable.</li>
<li>Carga USB-C y memoria del último sonido.</li>
</ul>",Siesta & Co.,Health & Beauty > Personal Care > Sleeping Aids > White Noise Machines,Sonido,"ruido, bebe, vecinos, bestseller",TRUE,Draft,SC-MRB,Title,Default Title,34.90,,8.90,TRUE,,CONTINUE,280,g,TRUE,manual,FALSE,Máquina de ruido blanco para dormir: tapa vecinos y tráfico | Siesta & Co.,"30 sonidos sin bucles (ruido blanco, rosa, lluvia, ventilador), temporizador y luz nocturna. Ideal para dormir con ruido de calle o para bebés.",New
Despertador Amanecer,despertador-simulador-amanecer,"<p><strong>Despertarte sin sobresaltos, incluso en pleno invierno.</strong> La luz sube poco a poco durante los 30 minutos previos a tu alarma, como un amanecer.</p>
<ul>
<li>Modo atardecer: la luz baja lentamente para ayudarte a desconectar.</li>
<li>7 sonidos naturales + radio FM.</li>
<li>20 niveles de brillo y lámpara de lectura.</li>
</ul>",Siesta & Co.,Home & Garden > Decor > Clocks > Alarm Clocks,Despertadores,"despertar, luz, invierno",TRUE,Draft,SC-DSA,Title,Default Title,49.90,,14.50,TRUE,,CONTINUE,450,g,TRUE,manual,FALSE,Despertador con simulación de amanecer y radio | Siesta & Co.,"Te despierta con luz que aumenta poco a poco durante 30 minutos, como un amanecer real. Modo atardecer para dormirte, sonidos naturales y radio FM.",New
Almohada Cervical Ergonómica,almohada-cervical-ergonomica,"<p><strong>Para quien se levanta con el cuello cargado.</strong> Forma de mariposa con dos alturas: elige la que mejor encaje con tu postura.</p>
<ul>
<li>Espuma viscoelástica que recupera la forma.</li>
<li>Hueco central para dormir boca arriba, laterales elevados para dormir de lado.</li>
<li>Funda transpirable, extraíble y lavable.</li>
</ul>
<p><em>Producto de confort. No es un producto sanitario.</em></p>",Siesta & Co.,Home & Garden > Linens & Bedding > Bedding > Pillows,Almohadas,"cuello, postura, almohada",TRUE,Draft,SC-ACE,Title,Default Title,54.90,,13.80,TRUE,,CONTINUE,1300,g,TRUE,manual,FALSE,Almohada cervical viscoelástica ergonómica | Siesta & Co.,"Almohada de espuma viscoelástica con forma de mariposa que sujeta cuello y cabeza, tanto si duermes de lado como boca arriba. Funda lavable.",New
Tapones Reutilizables Silencio,tapones-silicona-dormir,"<p><strong>Los ronquidos de tu pareja ya no son tu problema.</strong> Silicona suave que no aprieta, incluso si duermes de lado.</p>
<ul>
<li>4 tallas de almohadilla (XS-L) incluidas.</li>
<li>Reutilizables y lavables con agua y jabón.</li>
<li>Estuche magnético de bolsillo.</li>
</ul>",Siesta & Co.,Health & Beauty > Personal Care > Ear Care > Ear Plugs,Tapones,"ruido, ronquidos, viaje",TRUE,Draft,SC-TSD-NEGR,Color,Negro,17.90,,2.40,TRUE,,CONTINUE,30,g,TRUE,manual,FALSE,Tapones para dormir de silicona reutilizables | Siesta & Co.,Tapones de silicona suave con 4 tallas de almohadilla. Cómodos para dormir de lado. Ideales contra ronquidos y ruido. Con estuche.,New
,tapones-silicona-dormir,,,,,,,,SC-TSD-BLAN,,Blanco,17.90,,2.40,TRUE,,CONTINUE,30,g,TRUE,manual,,,,
,tapones-silicona-dormir,,,,,,,,SC-TSD-SALV,,Salvia,17.90,,2.40,TRUE,,CONTINUE,30,g,TRUE,manual,,,,
Cinta con Auriculares para Dormir,cinta-auriculares-dormir,"<p><strong>Podcast o meditación sin cascos que se clavan.</strong> Altavoces ultraplanos dentro de una cinta elástica y transpirable.</p>
<ul>
<li>Bluetooth 5.x, hasta 10 h de batería.</li>
<li>Cómoda para dormir de lado.</li>
<li>Los altavoces se sacan para lavar la cinta.</li>
</ul>",Siesta & Co.,Electronics > Audio > Audio Components > Headphones & Headsets > Headphones,Sonido,"musica, podcast, bluetooth, regalo",TRUE,Draft,SC-CAD-GRIS,Color,Gris,29.90,,7.20,TRUE,,CONTINUE,70,g,TRUE,manual,FALSE,Banda con auriculares Bluetooth para dormir de lado | Siesta & Co.,"Auriculares planos integrados en una cinta suave. Escucha podcasts, meditaciones o ruido blanco sin que te molesten al dormir de lado.",New
,cinta-auriculares-dormir,,,,,,,,SC-CAD-NEGR,,Negro,29.90,,7.20,TRUE,,CONTINUE,70,g,TRUE,manual,,,,
Difusor Nocturno con Luz Cálida,difusor-aromas-luz-calida,"<p><strong>Tu ritual para desconectar antes de dormir.</strong> Ultrasónico y silencioso, con luz ámbar que no te despeja como la luz blanca.</p>
<ul>
<li>Depósito de 300 ml: hasta 8 h.</li>
<li>Apagado automático sin agua.</li>
<li>Temporizador de 1/3/6 h.</li>
</ul>
<p><em>Aceites esenciales no incluidos.</em></p>",Siesta & Co.,Home & Garden > Decor > Home Fragrance Accessories > Essential Oil Diffusers,Ambiente,"ambiente, rutina, regalo",TRUE,Draft,SC-DALC,Title,Default Title,32.90,,8.60,TRUE,,CONTINUE,320,g,TRUE,manual,FALSE,Difusor de aromas silencioso con luz cálida | Siesta & Co.,Difusor ultrasónico silencioso con luz ámbar regulable y apagado automático. Crea tu ritual de desconexión antes de dormir.,New
Kit Noche Perfecta,kit-noche-perfecta,"<p><strong>Sin luz, sin ruido, sin calor.</strong> Nuestros tres más vendidos juntos: ahorras un 20 % frente a comprarlos por separado.</p>
<ul>
<li>1 × Antifaz 3D Oscuridad Total (negro)</li>
<li>1 × Tapones Reutilizables Silencio (negro)</li>
<li>1 × Funda de Almohada Efecto Frío (75 cm)</li>
</ul>
<p>Perfecto para regalar (o regalarte).</p>",Siesta & Co.,Health & Beauty > Personal Care > Sleeping Aids,Packs,"pack, regalo, bestseller",TRUE,Draft,SC-KNP,Title,Default Title,49.90,62.70,11.70,TRUE,,CONTINUE,270,g,TRUE,manual,FALSE,Kit para dormir: antifaz 3D + tapones + funda fresca | Siesta & Co.,"Todo lo que necesitas para dormir sin luz, sin ruido y sin calor. Antifaz 3D, tapones reutilizables y funda de almohada efecto frío. Ahorra un 20%.",New
